User,Number of Followers
TheEDMHUB,64754
MallorieTubbrit,266
THXBeats,11770
lexidann,273
beyondrocker,9337
MarcellinaFritz,64
erg_tr1LL_,21682
rin_roar,23
the__polymath,6012
tha__Iifeguard_,7327
the_AntiIIean_,7252
EtherCasts,1175
suppressibIe_el,7166
Casey_ETaylor,42
collin1109,133
ErikHeathcock,12
_bieber_hole69,6
DowntownDogs616,60
MindCertified,172707
TheEDMPortal,799
lindashamoun21,65
RyuKamilla,13
CCongress,1024
_Matt_Patton,738
WeWillBeLions,1949
EvanOxner,24
mlgoco,333
marrajer,126
ratethisdeer,27
MakeMichigan,360
pramodsum,88
WaterIsMySky,2185
rousepie,125
soxner99,6
MICRIMESTOPPERS,1179
CollegeCutty,47
CrimeInTheD,45625
murtyor,40
DragaMilenkovi1,196
Interior,210670
ElizabethHarty,546
CslCuevas,254
SosefoLemo,13
LarryDaySwimFly,163
UMengineering,11186
KISSmetrics,187612
veggiesrock18,171
Caitlynthelen95,165
Nub_Life,142
KevinFitzGera17,60
evanbischoff,14
dextebro,60
MaizOutLightsOn,359
LillianCdela,152
hrtsrevolution,5116
BobbySavulich,705
BigLeague_Chu,221
redheadrebal,22
ehab83979873,149
marfelic,348
additallenergy,76
stonead14,126
l3skomusic,201
MatenRyan,36
SanClementeSwim,42
HALCYONSoundXO,77
afooled,543
AndrewGahan,8
KylesDaisies,19
EGhormley,96
CountlessOtherz,76
MIXDEK,10296
LilDuds10,110
eenders88,142
Ders_Lie,270
Brummkin,375
TFaerber,40
burgess_travis,88
umcsg,1798
PhelpsSquad,679
andreaa_monk,182
zoematti,425
TheYpsiKing,5
kwwhita,485
mikelgustafson,22270
MFTH_Dave,231
CourtBeidler,140
MarniOldershaw,388
SamSoukup24,152
mjherrinton,135
jankoumich,47
seanryan92,307
conjaeg,4633
AnnaKawenga,75
KatlynHaycock,150
lherr529,91
BillyJackman3D,155
AlexCanadi,146
DanMadwed,465
GoBlueFaithful,3369
xoxoSmartnSassy,56
RealityZealot,418
herman_crab,302
CarParker13,220
mifromtheheart,298
the_ekle,67
Phoenixshare,1822
JillyHenders,211
Michiganworld,4371
jiveforceone,175
DylBosch,857
PauliDoIsSwim,121
tjtigers18,421
TremmlBrian,327
megcobb13,52
RaynerBenjamin,117
shattinthepool,142
CasianoErol,762
deirdremariej,58
ClaudiaLYY,201
the__AmandaSHOW,315
raynor_shine93,413
SpiritFriday,47
mattz_UM,234
schwallieisxu5,17
RyanBDennison,86
ePain_13,160
JamboJeeves,171
ecamgoblue,97
WildWest3,299
AnnArborGirl1,103
itsybtsynatdawg,136
LisaCrumpet,278
is_a_elk,126
LukeRondon,58
chelsea_esquilo,121
gerbsumich,423
sneakycolombian,39
ChrismanAnnette,270
straff54,162
flatfishes,48
leah_beeah,239
seba7a,667
bragilstay,117
thegranticus,143
AC_daSpark,264
OxLevi,119
MathieuCrees,13
dsmoore2,152
mattyjmcnamara,231
morturn,114
jonurb,4816
RyanJFeeley,284
LHeikkinen,115
ashmg2010,270
Jackplee,59
nadadorescom,754
ChelseaAmman,303
laclairnamyd3,11
TerraAmberkar93,148
jrglanda,156
BlindPigAA,6065
mollyschaef,128
cblaskie,33
brochillchamp,127
NateRietberg,74
KaylaLDouglas,271
AtticDwellerz,116
sneevley,189
kevinbain7,202
marinajane19,227
TheRealJayWhite,149
CasEdwards1,148
emme326,82
JCFraga0,231
Matt_Coll1,187
agord_msu,143
cbdouvy89,129
CEmery39,251
rFunk08,543
taylorkeefer,225
PartyatUofM,279
ermccurr,166
RyanMichaelFish,396
Claflinj,72
MikeWynalda,323
linnealydia,373
universitytaxi,315
mlangalang,45
hak_a_shaq,380
campusconcepts,134
swainr,182
giraffegonewild,50
adamwhiteybtw,250
ac_goblue,230
HartlandYM,168
CalebLamanna,225
AnnieOxner,66
LionizeMusic,3198
Roman_Willets,346
_Neal_Kennedy,119
kjaegs,117
DomMazzetti,88363
BromineTheBand,1
Liz_Johnson_,173
Andrew_Novakoff,291
cjules41,288
Barry_J_Murphy,2971
ErinBridgewater,240
aly_daugh,160
TheJoelHowe,276
lyndseykrispin,724
vbartho,156
mer_cote,166
gadgetgad,65
JaredJJMiller,178
bribri463,183
Google_Network,245
xinch_co_uk,4
tjhoch,716
Metric,215818
